,Supplier_Lead_Time,Inventory_Levels,Order_Frequency,Delivery_Performance,Cost_Per_Unit
Supplier_Lead_Time,1.0,0.4492363330182039,-0.9081752142768266,-0.9288517141918028,0.965330097824208
Inventory_Levels,0.4492363330182039,1.0,-0.4179440176934005,-0.4578097915651332,0.43250399869289574
Order_Frequency,-0.9081752142768266,-0.4179440176934005,1.0,0.8485980252349886,-0.9020081984473917
Delivery_Performance,-0.9288517141918028,-0.4578097915651332,0.8485980252349886,1.0,-0.9243939807608517
Cost_Per_Unit,0.965330097824208,0.43250399869289574,-0.9020081984473917,-0.9243939807608517,1.0
